employeeId,name
2000,"""user2000"""
2001,"""user2001"""
2002,"""user2002"""
2003,"""user2003"""
2004,"""user2004"""
2005,"""user2005"""
2006,"""user2006"""
2007,"""user2007"""
2008,"""user2008"""
2009,"""user2009"""
2010,"""user2010"""
2011,"""user2011"""
2012,"""user2012"""
2013,"""user2013"""
2014,"""user2014"""
2015,"""user2015"""
2016,"""user2016"""
2017,"""user2017"""
2018,"""user2018"""
2019,"""user2019"""
2020,"""user2020"""
2021,"""user2021"""
2022,"""user2022"""
2023,"""user2023"""
2024,"""user2024"""
2025,"""user2025"""
2026,"""user2026"""
2027,"""user2027"""
2028,"""user2028"""
2029,"""user2029"""
2030,"""user2030"""
2031,"""user2031"""
2032,"""user2032"""
2033,"""user2033"""
2034,"""user2034"""
2035,"""user2035"""
2036,"""user2036"""
2037,"""user2037"""
2038,"""user2038"""
2039,"""user2039"""
2040,"""user2040"""
2041,"""user2041"""
2042,"""user2042"""
2043,"""user2043"""
2044,"""user2044"""
2045,"""user2045"""
2046,"""user2046"""
2047,"""user2047"""
2048,"""user2048"""
2049,"""user2049"""
2050,"""user2050"""
2051,"""user2051"""
2052,"""user2052"""
2053,"""user2053"""
2054,"""user2054"""
2055,"""user2055"""
2056,"""user2056"""
2057,"""user2057"""
2058,"""user2058"""
2059,"""user2059"""
2060,"""user2060"""
2061,"""user2061"""
2062,"""user2062"""
2063,"""user2063"""
2064,"""user2064"""
2065,"""user2065"""
2066,"""user2066"""
2067,"""user2067"""
2068,"""user2068"""
2069,"""user2069"""
2070,"""user2070"""
2071,"""user2071"""
2072,"""user2072"""
2073,"""user2073"""
2074,"""user2074"""
2075,"""user2075"""
2076,"""user2076"""
2077,"""user2077"""
2078,"""user2078"""
2079,"""user2079"""
2080,"""user2080"""
2081,"""user2081"""
2082,"""user2082"""
2083,"""user2083"""
2084,"""user2084"""
2085,"""user2085"""
2086,"""user2086"""
2087,"""user2087"""
2088,"""user2088"""
2089,"""user2089"""
2090,"""user2090"""
2091,"""user2091"""
2092,"""user2092"""
2093,"""user2093"""
2094,"""user2094"""
2095,"""user2095"""
2096,"""user2096"""
2097,"""user2097"""
2098,"""user2098"""
2099,"""user2099"""
2100,"""user2100"""
2101,"""user2101"""
2102,"""user2102"""
2103,"""user2103"""
2104,"""user2104"""
2105,"""user2105"""
2106,"""user2106"""
2107,"""user2107"""
2108,"""user2108"""
2109,"""user2109"""
2110,"""user2110"""
2111,"""user2111"""
2112,"""user2112"""
2113,"""user2113"""
2114,"""user2114"""
2115,"""user2115"""
2116,"""user2116"""
2117,"""user2117"""
2118,"""user2118"""
2119,"""user2119"""
2120,"""user2120"""
2121,"""user2121"""
2122,"""user2122"""
2123,"""user2123"""
2124,"""user2124"""
2125,"""user2125"""
2126,"""user2126"""
2127,"""user2127"""
2128,"""user2128"""
2129,"""user2129"""
2130,"""user2130"""
2131,"""user2131"""
2132,"""user2132"""
2133,"""user2133"""
2134,"""user2134"""
2135,"""user2135"""
2136,"""user2136"""
2137,"""user2137"""
2138,"""user2138"""
2139,"""user2139"""
2140,"""user2140"""
2141,"""user2141"""
2142,"""user2142"""
2143,"""user2143"""
2144,"""user2144"""
2145,"""user2145"""
2146,"""user2146"""
2147,"""user2147"""
2148,"""user2148"""
2149,"""user2149"""
2150,"""user2150"""
2151,"""user2151"""
2152,"""user2152"""
2153,"""user2153"""
2154,"""user2154"""
2155,"""user2155"""
2156,"""user2156"""
2157,"""user2157"""
2158,"""user2158"""
2159,"""user2159"""
2160,"""user2160"""
2161,"""user2161"""
2162,"""user2162"""
2163,"""user2163"""
2164,"""user2164"""
2165,"""user2165"""
2166,"""user2166"""
2167,"""user2167"""
2168,"""user2168"""
2169,"""user2169"""
2170,"""user2170"""
2171,"""user2171"""
2172,"""user2172"""
2173,"""user2173"""
2174,"""user2174"""
2175,"""user2175"""
2176,"""user2176"""
2177,"""user2177"""
2178,"""user2178"""
2179,"""user2179"""
2180,"""user2180"""
2181,"""user2181"""
2182,"""user2182"""
2183,"""user2183"""
2184,"""user2184"""
2185,"""user2185"""
2186,"""user2186"""
2187,"""user2187"""
2188,"""user2188"""
2189,"""user2189"""
2190,"""user2190"""
2191,"""user2191"""
2192,"""user2192"""
2193,"""user2193"""
2194,"""user2194"""
2195,"""user2195"""
2196,"""user2196"""
2197,"""user2197"""
2198,"""user2198"""
2199,"""user2199"""
2200,"""user2200"""
2201,"""user2201"""
2202,"""user2202"""
2203,"""user2203"""
2204,"""user2204"""
2205,"""user2205"""
2206,"""user2206"""
2207,"""user2207"""
2208,"""user2208"""
2209,"""user2209"""
2210,"""user2210"""
2211,"""user2211"""
2212,"""user2212"""
2213,"""user2213"""
2214,"""user2214"""
2215,"""user2215"""
2216,"""user2216"""
2217,"""user2217"""
2218,"""user2218"""
2219,"""user2219"""
2220,"""user2220"""
2221,"""user2221"""
2222,"""user2222"""
2223,"""user2223"""
2224,"""user2224"""
2225,"""user2225"""
2226,"""user2226"""
2227,"""user2227"""
2228,"""user2228"""
2229,"""user2229"""
2230,"""user2230"""
2231,"""user2231"""
2232,"""user2232"""
2233,"""user2233"""
2234,"""user2234"""
2235,"""user2235"""
2236,"""user2236"""
2237,"""user2237"""
2238,"""user2238"""
2239,"""user2239"""
2240,"""user2240"""
2241,"""user2241"""
2242,"""user2242"""
2243,"""user2243"""
2244,"""user2244"""
2245,"""user2245"""
2246,"""user2246"""
2247,"""user2247"""
2248,"""user2248"""
2249,"""user2249"""
2250,"""user2250"""
2251,"""user2251"""
2252,"""user2252"""
2253,"""user2253"""
2254,"""user2254"""
2255,"""user2255"""
2256,"""user2256"""
2257,"""user2257"""
2258,"""user2258"""
2259,"""user2259"""
2260,"""user2260"""
2261,"""user2261"""
2262,"""user2262"""
2263,"""user2263"""
2264,"""user2264"""
2265,"""user2265"""
2266,"""user2266"""
2267,"""user2267"""
2268,"""user2268"""
2269,"""user2269"""
2270,"""user2270"""
2271,"""user2271"""
2272,"""user2272"""
2273,"""user2273"""
2274,"""user2274"""
2275,"""user2275"""
2276,"""user2276"""
2277,"""user2277"""
2278,"""user2278"""
2279,"""user2279"""
2280,"""user2280"""
2281,"""user2281"""
2282,"""user2282"""
2283,"""user2283"""
2284,"""user2284"""
2285,"""user2285"""
2286,"""user2286"""
2287,"""user2287"""
2288,"""user2288"""
2289,"""user2289"""
2290,"""user2290"""
2291,"""user2291"""
2292,"""user2292"""
2293,"""user2293"""
2294,"""user2294"""
2295,"""user2295"""
2296,"""user2296"""
2297,"""user2297"""
2298,"""user2298"""
2299,"""user2299"""
2300,"""user2300"""
2301,"""user2301"""
2302,"""user2302"""
2303,"""user2303"""
2304,"""user2304"""
2305,"""user2305"""
2306,"""user2306"""
2307,"""user2307"""
2308,"""user2308"""
2309,"""user2309"""
2310,"""user2310"""
2311,"""user2311"""
2312,"""user2312"""
2313,"""user2313"""
2314,"""user2314"""
2315,"""user2315"""
2316,"""user2316"""
2317,"""user2317"""
2318,"""user2318"""
2319,"""user2319"""
2320,"""user2320"""
2321,"""user2321"""
2322,"""user2322"""
2323,"""user2323"""
2324,"""user2324"""
2325,"""user2325"""
2326,"""user2326"""
2327,"""user2327"""
2328,"""user2328"""
2329,"""user2329"""
2330,"""user2330"""
2331,"""user2331"""
2332,"""user2332"""
2333,"""user2333"""
2334,"""user2334"""
2335,"""user2335"""
2336,"""user2336"""
2337,"""user2337"""
2338,"""user2338"""
2339,"""user2339"""
2340,"""user2340"""
2341,"""user2341"""
2342,"""user2342"""
2343,"""user2343"""
2344,"""user2344"""
2345,"""user2345"""
2346,"""user2346"""
2347,"""user2347"""
2348,"""user2348"""
2349,"""user2349"""
2350,"""user2350"""
2351,"""user2351"""
2352,"""user2352"""
2353,"""user2353"""
2354,"""user2354"""
2355,"""user2355"""
2356,"""user2356"""
2357,"""user2357"""
2358,"""user2358"""
2359,"""user2359"""
2360,"""user2360"""
2361,"""user2361"""
2362,"""user2362"""
2363,"""user2363"""
2364,"""user2364"""
2365,"""user2365"""
2366,"""user2366"""
2367,"""user2367"""
2368,"""user2368"""
2369,"""user2369"""
2370,"""user2370"""
2371,"""user2371"""
2372,"""user2372"""
2373,"""user2373"""
2374,"""user2374"""
2375,"""user2375"""
2376,"""user2376"""
2377,"""user2377"""
2378,"""user2378"""
2379,"""user2379"""
2380,"""user2380"""
2381,"""user2381"""
2382,"""user2382"""
2383,"""user2383"""
2384,"""user2384"""
2385,"""user2385"""
2386,"""user2386"""
2387,"""user2387"""
2388,"""user2388"""
2389,"""user2389"""
2390,"""user2390"""
2391,"""user2391"""
2392,"""user2392"""
2393,"""user2393"""
2394,"""user2394"""
2395,"""user2395"""
2396,"""user2396"""
2397,"""user2397"""
2398,"""user2398"""
2399,"""user2399"""
2400,"""user2400"""
2401,"""user2401"""
2402,"""user2402"""
2403,"""user2403"""
2404,"""user2404"""
2405,"""user2405"""
2406,"""user2406"""
2407,"""user2407"""
2408,"""user2408"""
2409,"""user2409"""
2410,"""user2410"""
2411,"""user2411"""
2412,"""user2412"""
2413,"""user2413"""
2414,"""user2414"""
2415,"""user2415"""
2416,"""user2416"""
2417,"""user2417"""
2418,"""user2418"""
2419,"""user2419"""
2420,"""user2420"""
2421,"""user2421"""
2422,"""user2422"""
2423,"""user2423"""
2424,"""user2424"""
2425,"""user2425"""
2426,"""user2426"""
2427,"""user2427"""
2428,"""user2428"""
2429,"""user2429"""
2430,"""user2430"""
2431,"""user2431"""
2432,"""user2432"""
2433,"""user2433"""
2434,"""user2434"""
2435,"""user2435"""
2436,"""user2436"""
2437,"""user2437"""
2438,"""user2438"""
2439,"""user2439"""
2440,"""user2440"""
2441,"""user2441"""
2442,"""user2442"""
2443,"""user2443"""
2444,"""user2444"""
2445,"""user2445"""
2446,"""user2446"""
2447,"""user2447"""
2448,"""user2448"""
2449,"""user2449"""
2450,"""user2450"""
2451,"""user2451"""
2452,"""user2452"""
2453,"""user2453"""
2454,"""user2454"""
2455,"""user2455"""
2456,"""user2456"""
2457,"""user2457"""
2458,"""user2458"""
2459,"""user2459"""
2460,"""user2460"""
2461,"""user2461"""
2462,"""user2462"""
2463,"""user2463"""
2464,"""user2464"""
2465,"""user2465"""
2466,"""user2466"""
2467,"""user2467"""
2468,"""user2468"""
2469,"""user2469"""
2470,"""user2470"""
2471,"""user2471"""
2472,"""user2472"""
2473,"""user2473"""
2474,"""user2474"""
2475,"""user2475"""
2476,"""user2476"""
2477,"""user2477"""
2478,"""user2478"""
2479,"""user2479"""
2480,"""user2480"""
2481,"""user2481"""
2482,"""user2482"""
2483,"""user2483"""
2484,"""user2484"""
2485,"""user2485"""
2486,"""user2486"""
2487,"""user2487"""
2488,"""user2488"""
2489,"""user2489"""
2490,"""user2490"""
2491,"""user2491"""
2492,"""user2492"""
2493,"""user2493"""
2494,"""user2494"""
2495,"""user2495"""
2496,"""user2496"""
2497,"""user2497"""
2498,"""user2498"""
2499,"""user2499"""
2500,"""user2500"""
2501,"""user2501"""
2502,"""user2502"""
2503,"""user2503"""
2504,"""user2504"""
2505,"""user2505"""
2506,"""user2506"""
2507,"""user2507"""
2508,"""user2508"""
2509,"""user2509"""
2510,"""user2510"""
2511,"""user2511"""
2512,"""user2512"""
2513,"""user2513"""
2514,"""user2514"""
2515,"""user2515"""
2516,"""user2516"""
2517,"""user2517"""
2518,"""user2518"""
2519,"""user2519"""
2520,"""user2520"""
2521,"""user2521"""
2522,"""user2522"""
2523,"""user2523"""
2524,"""user2524"""
2525,"""user2525"""
2526,"""user2526"""
2527,"""user2527"""
2528,"""user2528"""
2529,"""user2529"""
2530,"""user2530"""
2531,"""user2531"""
2532,"""user2532"""
2533,"""user2533"""
2534,"""user2534"""
2535,"""user2535"""
2536,"""user2536"""
2537,"""user2537"""
2538,"""user2538"""
2539,"""user2539"""
2540,"""user2540"""
2541,"""user2541"""
2542,"""user2542"""
2543,"""user2543"""
2544,"""user2544"""
2545,"""user2545"""
2546,"""user2546"""
2547,"""user2547"""
2548,"""user2548"""
2549,"""user2549"""
2550,"""user2550"""
2551,"""user2551"""
2552,"""user2552"""
2553,"""user2553"""
2554,"""user2554"""
2555,"""user2555"""
2556,"""user2556"""
2557,"""user2557"""
2558,"""user2558"""
2559,"""user2559"""
2560,"""user2560"""
2561,"""user2561"""
2562,"""user2562"""
2563,"""user2563"""
2564,"""user2564"""
2565,"""user2565"""
2566,"""user2566"""
2567,"""user2567"""
2568,"""user2568"""
2569,"""user2569"""
2570,"""user2570"""
2571,"""user2571"""
2572,"""user2572"""
2573,"""user2573"""
2574,"""user2574"""
2575,"""user2575"""
2576,"""user2576"""
2577,"""user2577"""
2578,"""user2578"""
2579,"""user2579"""
2580,"""user2580"""
2581,"""user2581"""
2582,"""user2582"""
2583,"""user2583"""
2584,"""user2584"""
2585,"""user2585"""
2586,"""user2586"""
2587,"""user2587"""
2588,"""user2588"""
2589,"""user2589"""
2590,"""user2590"""
2591,"""user2591"""
2592,"""user2592"""
2593,"""user2593"""
2594,"""user2594"""
2595,"""user2595"""
2596,"""user2596"""
2597,"""user2597"""
2598,"""user2598"""
2599,"""user2599"""
2600,"""user2600"""
2601,"""user2601"""
2602,"""user2602"""
2603,"""user2603"""
2604,"""user2604"""
2605,"""user2605"""
2606,"""user2606"""
2607,"""user2607"""
2608,"""user2608"""
2609,"""user2609"""
2610,"""user2610"""
2611,"""user2611"""
2612,"""user2612"""
2613,"""user2613"""
2614,"""user2614"""
2615,"""user2615"""
2616,"""user2616"""
2617,"""user2617"""
2618,"""user2618"""
2619,"""user2619"""
2620,"""user2620"""
2621,"""user2621"""
2622,"""user2622"""
2623,"""user2623"""
2624,"""user2624"""
2625,"""user2625"""
2626,"""user2626"""
2627,"""user2627"""
2628,"""user2628"""
2629,"""user2629"""
2630,"""user2630"""
2631,"""user2631"""
2632,"""user2632"""
2633,"""user2633"""
2634,"""user2634"""
2635,"""user2635"""
2636,"""user2636"""
2637,"""user2637"""
2638,"""user2638"""
2639,"""user2639"""
2640,"""user2640"""
2641,"""user2641"""
2642,"""user2642"""
2643,"""user2643"""
2644,"""user2644"""
2645,"""user2645"""
2646,"""user2646"""
2647,"""user2647"""
2648,"""user2648"""
2649,"""user2649"""
2650,"""user2650"""
2651,"""user2651"""
2652,"""user2652"""
2653,"""user2653"""
2654,"""user2654"""
2655,"""user2655"""
2656,"""user2656"""
2657,"""user2657"""
2658,"""user2658"""
2659,"""user2659"""
2660,"""user2660"""
2661,"""user2661"""
2662,"""user2662"""
2663,"""user2663"""
2664,"""user2664"""
2665,"""user2665"""
2666,"""user2666"""
2667,"""user2667"""
2668,"""user2668"""
2669,"""user2669"""
2670,"""user2670"""
2671,"""user2671"""
2672,"""user2672"""
2673,"""user2673"""
2674,"""user2674"""
2675,"""user2675"""
2676,"""user2676"""
2677,"""user2677"""
2678,"""user2678"""
2679,"""user2679"""
2680,"""user2680"""
2681,"""user2681"""
2682,"""user2682"""
2683,"""user2683"""
2684,"""user2684"""
2685,"""user2685"""
2686,"""user2686"""
2687,"""user2687"""
2688,"""user2688"""
2689,"""user2689"""
2690,"""user2690"""
2691,"""user2691"""
2692,"""user2692"""
2693,"""user2693"""
2694,"""user2694"""
2695,"""user2695"""
2696,"""user2696"""
2697,"""user2697"""
2698,"""user2698"""
2699,"""user2699"""
2700,"""user2700"""
2701,"""user2701"""
2702,"""user2702"""
2703,"""user2703"""
2704,"""user2704"""
2705,"""user2705"""
2706,"""user2706"""
2707,"""user2707"""
2708,"""user2708"""
2709,"""user2709"""
2710,"""user2710"""
2711,"""user2711"""
2712,"""user2712"""
2713,"""user2713"""
2714,"""user2714"""
2715,"""user2715"""
2716,"""user2716"""
2717,"""user2717"""
2718,"""user2718"""
2719,"""user2719"""
2720,"""user2720"""
2721,"""user2721"""
2722,"""user2722"""
2723,"""user2723"""
2724,"""user2724"""
2725,"""user2725"""
2726,"""user2726"""
2727,"""user2727"""
2728,"""user2728"""
2729,"""user2729"""
2730,"""user2730"""
2731,"""user2731"""
2732,"""user2732"""
2733,"""user2733"""
2734,"""user2734"""
2735,"""user2735"""
2736,"""user2736"""
2737,"""user2737"""
2738,"""user2738"""
2739,"""user2739"""
2740,"""user2740"""
2741,"""user2741"""
2742,"""user2742"""
2743,"""user2743"""
2744,"""user2744"""
2745,"""user2745"""
2746,"""user2746"""
2747,"""user2747"""
2748,"""user2748"""
2749,"""user2749"""
2750,"""user2750"""
2751,"""user2751"""
2752,"""user2752"""
2753,"""user2753"""
2754,"""user2754"""
2755,"""user2755"""
2756,"""user2756"""
2757,"""user2757"""
2758,"""user2758"""
2759,"""user2759"""
2760,"""user2760"""
2761,"""user2761"""
2762,"""user2762"""
2763,"""user2763"""
2764,"""user2764"""
2765,"""user2765"""
2766,"""user2766"""
2767,"""user2767"""
2768,"""user2768"""
2769,"""user2769"""
2770,"""user2770"""
2771,"""user2771"""
2772,"""user2772"""
2773,"""user2773"""
2774,"""user2774"""
2775,"""user2775"""
2776,"""user2776"""
2777,"""user2777"""
2778,"""user2778"""
2779,"""user2779"""
2780,"""user2780"""
2781,"""user2781"""
2782,"""user2782"""
2783,"""user2783"""
2784,"""user2784"""
2785,"""user2785"""
2786,"""user2786"""
2787,"""user2787"""
2788,"""user2788"""
2789,"""user2789"""
2790,"""user2790"""
2791,"""user2791"""
2792,"""user2792"""
2793,"""user2793"""
2794,"""user2794"""
2795,"""user2795"""
2796,"""user2796"""
2797,"""user2797"""
2798,"""user2798"""
2799,"""user2799"""
2800,"""user2800"""
2801,"""user2801"""
2802,"""user2802"""
2803,"""user2803"""
2804,"""user2804"""
2805,"""user2805"""
2806,"""user2806"""
2807,"""user2807"""
2808,"""user2808"""
2809,"""user2809"""
2810,"""user2810"""
2811,"""user2811"""
2812,"""user2812"""
2813,"""user2813"""
2814,"""user2814"""
2815,"""user2815"""
2816,"""user2816"""
2817,"""user2817"""
2818,"""user2818"""
2819,"""user2819"""
2820,"""user2820"""
2821,"""user2821"""
2822,"""user2822"""
2823,"""user2823"""
2824,"""user2824"""
2825,"""user2825"""
2826,"""user2826"""
2827,"""user2827"""
2828,"""user2828"""
2829,"""user2829"""
2830,"""user2830"""
2831,"""user2831"""
2832,"""user2832"""
2833,"""user2833"""
2834,"""user2834"""
2835,"""user2835"""
2836,"""user2836"""
2837,"""user2837"""
2838,"""user2838"""
2839,"""user2839"""
2840,"""user2840"""
2841,"""user2841"""
2842,"""user2842"""
2843,"""user2843"""
2844,"""user2844"""
2845,"""user2845"""
2846,"""user2846"""
2847,"""user2847"""
2848,"""user2848"""
2849,"""user2849"""
2850,"""user2850"""
2851,"""user2851"""
2852,"""user2852"""
2853,"""user2853"""
2854,"""user2854"""
2855,"""user2855"""
2856,"""user2856"""
2857,"""user2857"""
2858,"""user2858"""
2859,"""user2859"""
2860,"""user2860"""
2861,"""user2861"""
2862,"""user2862"""
2863,"""user2863"""
2864,"""user2864"""
2865,"""user2865"""
2866,"""user2866"""
2867,"""user2867"""
2868,"""user2868"""
2869,"""user2869"""
2870,"""user2870"""
2871,"""user2871"""
2872,"""user2872"""
2873,"""user2873"""
2874,"""user2874"""
2875,"""user2875"""
2876,"""user2876"""
2877,"""user2877"""
2878,"""user2878"""
2879,"""user2879"""
2880,"""user2880"""
2881,"""user2881"""
2882,"""user2882"""
2883,"""user2883"""
2884,"""user2884"""
2885,"""user2885"""
2886,"""user2886"""
2887,"""user2887"""
2888,"""user2888"""
2889,"""user2889"""
2890,"""user2890"""
2891,"""user2891"""
2892,"""user2892"""
2893,"""user2893"""
2894,"""user2894"""
2895,"""user2895"""
2896,"""user2896"""
2897,"""user2897"""
2898,"""user2898"""
2899,"""user2899"""
2900,"""user2900"""
2901,"""user2901"""
2902,"""user2902"""
2903,"""user2903"""
2904,"""user2904"""
2905,"""user2905"""
2906,"""user2906"""
2907,"""user2907"""
2908,"""user2908"""
2909,"""user2909"""
2910,"""user2910"""
2911,"""user2911"""
2912,"""user2912"""
2913,"""user2913"""
2914,"""user2914"""
2915,"""user2915"""
2916,"""user2916"""
2917,"""user2917"""
2918,"""user2918"""
2919,"""user2919"""
2920,"""user2920"""
2921,"""user2921"""
2922,"""user2922"""
2923,"""user2923"""
2924,"""user2924"""
2925,"""user2925"""
2926,"""user2926"""
2927,"""user2927"""
2928,"""user2928"""
2929,"""user2929"""
2930,"""user2930"""
2931,"""user2931"""
2932,"""user2932"""
2933,"""user2933"""
2934,"""user2934"""
2935,"""user2935"""
2936,"""user2936"""
2937,"""user2937"""
2938,"""user2938"""
2939,"""user2939"""
2940,"""user2940"""
2941,"""user2941"""
2942,"""user2942"""
2943,"""user2943"""
2944,"""user2944"""
2945,"""user2945"""
2946,"""user2946"""
2947,"""user2947"""
2948,"""user2948"""
2949,"""user2949"""
2950,"""user2950"""
2951,"""user2951"""
2952,"""user2952"""
2953,"""user2953"""
2954,"""user2954"""
2955,"""user2955"""
2956,"""user2956"""
2957,"""user2957"""
2958,"""user2958"""
2959,"""user2959"""
2960,"""user2960"""
2961,"""user2961"""
2962,"""user2962"""
2963,"""user2963"""
2964,"""user2964"""
2965,"""user2965"""
2966,"""user2966"""
2967,"""user2967"""
2968,"""user2968"""
2969,"""user2969"""
2970,"""user2970"""
2971,"""user2971"""
2972,"""user2972"""
2973,"""user2973"""
2974,"""user2974"""
2975,"""user2975"""
2976,"""user2976"""
2977,"""user2977"""
2978,"""user2978"""
2979,"""user2979"""
2980,"""user2980"""
2981,"""user2981"""
2982,"""user2982"""
2983,"""user2983"""
2984,"""user2984"""
2985,"""user2985"""
2986,"""user2986"""
2987,"""user2987"""
2988,"""user2988"""
2989,"""user2989"""
2990,"""user2990"""
2991,"""user2991"""
2992,"""user2992"""
2993,"""user2993"""
2994,"""user2994"""
2995,"""user2995"""
2996,"""user2996"""
2997,"""user2997"""
2998,"""user2998"""
2999,"""user2999"""
